{
  "project_info": {
    "project_number": "54887864237",
    "project_id": "home-6f22f",
    "storage_bucket": "home-6f22f.appspot.com"
  },
  "client": [
    {
      "client_info": {
        "mobilesdk_app_id": "1:54887864237:android:a96772a50a0869d6f07324",
        "android_client_info": {
          "package_name": "com.example.HomeSecurity"
        }
      },
      "oauth_client": [
        {
          "client_id": "54887864237-nkpm2hv6dk9bm9tj74lvghhkai0f9gpm.apps.googleusercontent.com",
          "client_type": 3
        }
      ],
      "api_key": [
        {
          "current_key": "AIzaSyCTVNAOVNpRWLPq8hoQpQ5h5M15BWFagOY"
        }
      ],
      "services": {
        "appinvite_service": {
          "other_platform_oauth_client": [
            {
              "client_id": "54887864237-nkpm2hv6dk9bm9tj74lvghhkai0f9gpm.apps.googleusercontent.com",
              "client_type": 3
            }
          ]
        }
      }
    }
  ],
  "configuration_version": "1"
}